"City","Slug","Folder","File","Desc"
"chiang-mai","ristr8to","Food 2013","Thai13-0058.jpg","Chiang Mai - Ristr8to"
"chiang-mai","ristr8to","Food 2013","Thai13-0059.jpg","Chiang Mai - Ristr8to"
"chiang-mai","ristr8to","Food 2013","Thai13-0060.jpg","Chiang Mai - Ristr8to"
"chiang-mai","ristr8to","Food 2013","Thai13-0061.jpg","Chiang Mai - Ristr8to"
"chiang-mai","jasmine","Food 2014","TH14-0141.jpg","Chiang Mai - Jasmine"
"chiang-mai","jasmine","Food 2014","TH14-0142.jpg","Chiang Mai - Jasmine"
"bangkok","yong-he-dou-jiang","Food 2014","TH14-0220.jpg","Bangkok - Yong He Dou Jiang"
"bangkok","yong-he-dou-jiang","Food 2014","TH14-0221.jpg","Bangkok - Yong He Dou Jiang"
"bangkok","yong-he-dou-jiang","Food 2014","TH14-0222.jpg","Bangkok - Yong He Dou Jiang"
"bangkok","hemlock","Food 2014","TH14-0289.jpg","Bangkok - Hemlock"
"bangkok","hemlock","Food 2014","TH14-0290.jpg","Bangkok - Hemlock"
"bangkok","hemlock","Food 2014","TH14-0291.jpg","Bangkok - Hemlock"
"bangkok","sushi-den-ctw","Food 2014","TH14-0315.jpg","Bangkok - Sushi Den @ CTW"
"bangkok","sushi-den-ctw","Food 2014","TH14-0316.jpg","Bangkok - Sushi Den @ CTW"
"bangkok","sushi-den-ctw","Food 2014","TH14-0317.jpg","Bangkok - Sushi Den @ CTW"
"bangkok","sushi-den-ctw","Food 2014","TH14-0340.jpg","Bangkok - Sushi Den @ CTW"
"bangkok","sushi-den-ctw","Food 2014","TH14-0341.jpg","Bangkok - Sushi Den @ CTW"
"bangkok","sushi-den-ctw","Food 2014","TH14-0342.jpg","Bangkok - Sushi Den @ CTW"
"bangkok","din-tai-fung","Food 2016","Bkk16-0005.jpg","Bangkok - Din Tai Fung"
"bangkok","din-tai-fung","Food 2016","Bkk16-0006.jpg","Bangkok - Din Tai Fung"
"bangkok","rung-rueang","Food 2016","Bkk16-0065.jpg","Bangkok - Rung Rueang"
"bangkok","al-hussain","Food 2016","Bkk16-0072.jpg","Bangkok - Al Hussain"
"bangkok","zabb-one","Food 2016","Bkk16-0074.jpg","Bangkok - Zabb One"
"bangkok","zabb-one","Food 2016","Bkk16-0075.jpg","Bangkok - Zabb One"
"bangkok","zabb-one","Food 2016","Bkk16-0076.jpg","Bangkok - Zabb One"
"chiang-mai","woo-cafe","Food 2017","Thai17-0198.jpg","Chiang Mai - Woo Café"
"chiang-mai","deck-1","Food 2017","Thai17-0201.jpg","Chiang Mai - Deck 1"
"chiang-mai","deck-1","Food 2017","Thai17-0202.jpg","Chiang Mai - Deck 1"
"chiang-mai","deck-1","Food 2017","Thai17-0203.jpg","Chiang Mai - Deck 1"
"chiang-mai","deck-1","Food 2017","Thai17-0204.jpg","Chiang Mai - Deck 1"
"chiang-mai","deck-1","Food 2017","Thai17-0205.jpg","Chiang Mai - Deck 1"
"chiang-mai","deck-1","Food 2017","Thai17-0206.jpg","Chiang Mai - Deck 1"
"bangkok","badmotel","Food 2017","Thai17-0245.jpg","Bangkok - Badmotel"
"bangkok","badmotel","Food 2017","Thai17-0246.jpg","Bangkok - Badmotel"
"bangkok","badmotel","Food 2017","Thai17-0247.jpg","Bangkok - Badmotel"
"bangkok","le-reve","Food 2017","Thai17-0248.jpg","Bangkok - Le Rêve"
"bangkok","le-reve","Food 2017","Thai17-0249.jpg","Bangkok - Le Rêve"
"bangkok","petit-peyton","Food 2019","Thai19-0003.jpg","Bangkok - Petit Peyton"
"bangkok","krua-apsorn","Food 2019","Thai19-0006.jpg","Bangkok - Krua Apsorn"
"bangkok","krua-apsorn","Food 2019","Thai19-0007.jpg","Bangkok - Krua Apsorn"
"bangkok","krua-apsorn","Food 2019","Thai19-0008.jpg","Bangkok - Krua Apsorn"
"bangkok","krua-apsorn","Food 2019","Thai19-0009.jpg","Bangkok - Krua Apsorn"
"bangkok","krua-porn-la-mai","Food 2019","Thai19-0070.jpg","Bangkok  - Krua Porn La Mai"
"bangkok","krua-porn-la-mai","Food 2019","Thai19-0071.jpg","Bangkok  - Krua Porn La Mai"
"bangkok","krua-porn-la-mai","Food 2019","Thai19-0072.jpg","Bangkok  - Krua Porn La Mai"
"bangkok","gastro-kafe","Food 2019","Thai19-0197.jpg","Bangkok - Gastro Kafe"
"bangkok","gastro-kafe","Food 2019","Thai19-0198.jpg","Bangkok - Gastro Kafe"
"bangkok","al-hussain","Food 2019","Thai19-0287.jpg","Bangkok - Al Hussain"
"bangkok","krua-apsorn","Food 2019","Thai19-0326.jpg","Bangkok - Krua Apsorn"
"bangkok","krua-apsorn","Food 2019","Thai19-0327.jpg","Bangkok - Krua Apsorn"
"bangkok","krua-apsorn","Food 2019","Thai19-0328.jpg","Bangkok - Krua Apsorn"
"bangkok","baan-glang-soi","Food 2019","Thai19-0345.jpg","Bangkok - Baan Glang Soi"
"bangkok","baan-glang-soi","Food 2019","Thai19-0346.jpg","Bangkok - Baan Glang Soi"
"bangkok","baan-glang-soi","Food 2019","Thai19-0347.jpg","Bangkok - Baan Glang Soi"
"bangkok","vespa-cafe","Food 2022","Thai22-0018.jpg","Bangkok - Vespa Cafe"
"bangkok","duklong","Food 2022","Thai22-0051.jpg","Bangkok - Duklong"
"bangkok","duklong","Food 2022","Thai22-0052.jpg","Bangkok - Duklong"
"bangkok","kabocha-sushi","Food 2022","Thai22-0083.jpg","Bangkok - Kabocha Sushi"
"bangkok","kabocha-sushi","Food 2022","Thai22-0085.jpg","Bangkok - Kabocha Sushi"
"bangkok","kabocha-sushi","Food 2022","Thai22-0086.jpg","Bangkok - Kabocha Sushi"
"bangkok","petit-peyton","Food 2022","Thai22-0102.jpg","Bangkok - Petit Peyton"
"bangkok","thipsamai","Food 2022","Thai22-0103.jpg","Bangkok - Thipsamai"
"bangkok","gastro-kafe","Food 2022","Thai22-0111.jpg","Bangkok - Gastro Kafe"
"bangkok","gastro-kafe","Food 2022","Thai22-0114.jpg","Bangkok - Gastro Kafe"
"bangkok","sooksiam","Food 2022","Thai22-0144.jpg","Bangkok - Sooksiam"
"bangkok","sooksiam","Food 2022","Thai22-0145.jpg","Bangkok - Sooksiam"
"bangkok","wine-connection","Food 2022","Thai22-0154.jpg","Bangkok - Wine Connection"
"bangkok","wine-connection","Food 2022","Thai22-0155.jpg","Bangkok - Wine Connection"
"bangkok","wine-connection","Food 2022","Thai22-0156.jpg","Bangkok - Wine Connection"
"bangkok","wine-connection","Food 2022","Thai22-0157.jpg","Bangkok - Wine Connection"
"bangkok","wine-connection","Food 2022","Thai22-0158.jpg","Bangkok - Wine Connection"
"bangkok","wine-connection","Food 2022","Thai22-0159.jpg","Bangkok - Wine Connection"
"bangkok","jodd-fairs","Food 2022","Thai22-0169.jpg","Bangkok - Jodd Fairs"
"bangkok","jodd-fairs","Food 2022","Thai22-0172.jpg","Bangkok - Jodd Fairs"
"bangkok","jodd-fairs","Food 2022","Thai22-0173.jpg","Bangkok - Jodd Fairs"
"bangkok","duklong","Food 2022","Thai22-0311.jpg","Bangkok - Duklong"
"bangkok","duklong","Food 2022","Thai22-0312.jpg","Bangkok - Duklong"
"bangkok","sane-phuthong","Food 2022","Thai22-0314.jpg","Bangkok - Sané Phuthong"
"bangkok","northeast","Food 2024","TH24-0006.jpg","Bangkok - Northeast"
"bangkok","northeast","Food 2024","TH24-0007.jpg","Bangkok - Northeast"
"bangkok","sooksiam","Food 2024","TH24-0038.jpg","Bangkok - Sooksiam"
"bangkok","sooksiam","Food 2024","TH24-0039.jpg","Bangkok - Sooksiam"
"bangkok","sooksiam","Food 2024","TH24-0040.jpg","Bangkok - Sooksiam"
"bangkok","gastro-kafe","Food 2024","TH24-0052.jpg","Bangkok - Gastro Kafe"
"bangkok","popiang","Food 2024","TH24-0055.jpg","Bangkok - Popiang"
"bangkok","hero-moo-plara","Food 2024","TH24-0057.jpg","Bangkok - Hero Moo Plara"
"chiang-mai","herb-basics","Food 2024","TH24-0079.jpg","Chiang Mai - Herb Basics"
"chiang-mai","sorn-chan","Food 2024","TH24-0082.jpg","Chiang Mai - Sorn Chan"
"chiang-mai","sorn-chan","Food 2024","TH24-0083.jpg","Chiang Mai - Sorn Chan"
"chiang-mai","sorn-chan","Food 2024","TH24-0084.jpg","Chiang Mai - Sorn Chan"
"chiang-mai","sorn-chan","Food 2024","TH24-0085.jpg","Chiang Mai - Sorn Chan"
"chiang-mai","stories","Food 2024","TH24-0089.jpg","Chiang Mai - Stories"
"chiang-mai","sp-chicken","Food 2024","TH24-0092.jpg","Chiang Mai - SP Chicken"
"chiang-mai","sp-chicken","Food 2024","TH24-0093.jpg","Chiang Mai - SP Chicken"
"chiang-mai","sp-chicken","Food 2024","TH24-0094.jpg","Chiang Mai - SP Chicken"
"chiang-mai","huen-phen","Food 2024","TH24-0109.jpg","Chiang Mai - Huen Phen"
"chiang-mai","aroon-rai","Food 2024","TH24-0129.jpg","Chiang Mai - Aroon Rai"
"chiang-mai","aroon-rai","Food 2024","TH24-0131.jpg","Chiang Mai - Aroon Rai"
"chiang-mai","cherng-doi-roast-chicken","Food 2024","TH24-0143.jpg","Chiang Mai - Cherng Doi Roast Chicken"
"chiang-mai","stories","Food 2024","TH24-0170.jpg","Chiang Mai - Stories"
"chiang-mai","yuis-eatery","Food 2024","TH24-0187.jpg","Chiang Mai - Yuis Eatery"
"chiang-mai","yuis-eatery","Food 2024","TH24-0188.jpg","Chiang Mai - Yuis Eatery"
"chiang-mai","sp-chicken","Food 2024","TH24-0197.jpg","Chiang Mai - SP Chicken"
"chiang-mai","khanom-jeen-tai-baan","Food 2024","TH24-0212.jpg","Chiang Mai - Khanom Jeen Tai Baan"
"chiang-mai","khao-soi-mae-manee","Food 2024","TH24-0232.jpg","Chiang Mai - Khao Soi Mae Manee"
"chiang-mai","salsa-kitchen","Food 2024","TH24-0233.jpg","Chiang Mai - Salsa Kitchen"
"chiang-mai","huen-muan-jai","Food 2024","TH24-0241.jpg","Chiang Mai - Huen Muan Jai"
"chiang-mai","okada-izakaya","Food 2024","TH24-0245.jpg","Chiang Mai - Okada Izakaya"
"chiang-mai","okada-izakaya","Food 2024","TH24-0246.jpg","Chiang Mai - Okada Izakaya"
"chiang-mai","okada-izakaya","Food 2024","TH24-0247.jpg","Chiang Mai - Okada Izakaya"
"chiang-mai","okada-izakaya","Food 2024","TH24-0248.jpg","Chiang Mai - Okada Izakaya"
"bangkok","sooksiam","Food 2024","TH24-0269.jpg","Bangkok - SookSiam"
"bangkok","sooksiam","Food 2024","TH24-0270.jpg","Bangkok - SookSiam"
"bangkok","sooksiam","Food 2024","TH24-0271.jpg","Bangkok - SookSiam"
"bangkok","gastro-kafe","Food 2024","TH24-0292.jpg","Bangkok - Gastro Kafe"
"bangkok","hero-moo-plara","Food 2025","SEA25-0685.jpg","Bangkok - Hero Moo Plara"
"chiang-mai","sp-chicken","Food 2025","SEA25-0703.jpg","Chiang Mai - SP Chicken"
"chiang-mai","khao-soi-maesai","Food 2025","SEA25-0721.jpg","Chiang Mai - Khao Soi Maesai"
"chiang-mai","khao-soi-maesai","Food 2025","SEA25-0722.jpg","Chiang Mai - Khao Soi Maesai"
"chiang-mai","daruma-izakaya","Food 2025","SEA25-0736.jpg","Chiang Mai - Daruma Izakaya"
"chiang-mai","daruma-izakaya","Food 2025","SEA25-0737.jpg","Chiang Mai - Daruma Izakaya"
"chiang-mai","dao-chinese-restaurant","Food 2025","SEA25-0752.jpg","Chiang Mai - Dao Chinese Restaurant"
"chiang-mai","lookbua","Food 2025","SEA25-0763.jpg","Chiang Mai - Lookbua"
"chiang-mai","ochatee","Food 2025","SEA25-0767.jpg","Chiang Mai - Ochatee"
"chiang-mai","ochatee","Food 2025","SEA25-0768.jpg","Chiang Mai - Ochatee"
"chiang-mai","lookbua","Food 2025","SEA25-0771.jpg","Chiang Mai - Lookbua"
"chiang-mai","ristr8to","Food 2025","SEA25-0802.jpg","Chiang Mai - Ristr8to"
"chiang-mai","next-level-som-tum","Food 2025","SEA25-0806.jpg","Chiang Mai - Next-Level Som Tum"
"bangkok","praram-9-kaiyang","Food 2026","BKK26-0009.jpg","Bangkok - Praram 9 Kaiyang"
"bangkok","praram-9-kaiyang","Food 2026","BKK26-0010.jpg","Bangkok - Praram 9 Kaiyang"
"bangkok","praram-9-kaiyang","Food 2026","BKK26-0011.jpg","Bangkok - Praram 9 Kaiyang"
"bangkok","praram-9-kaiyang","more restos 2020-2026","BKK26-0009.jpg","Bangkok - Praram 9 Kaiyang"
"bangkok","sooksiam","more restos 2020-2026","TH24-0039.jpg","Bangkok - Sooksiam"
"chiang-mai","sorn-chan","more restos 2020-2026","TH24-0085.jpg","Chiang Mai - Sorn Chan"
"chiang-mai","by-hand-pizza","more restos 2020-2026","TH24-0122.jpg","Chiang Mai - By Hand Pizza"
"chiang-mai","akha-ama","more restos 2020-2026","TH24-0206.jpg","Chiang Mai - Akha Ama"
"chiang-mai","khao-soi-mae-manee","more restos 2020-2026","TH24-0231.jpg","Chiang Mai - Khao Soi Mae Manee"
"bangkok","jodd-fairs","more restos 2020-2026","Thai22-0167.jpg","Bangkok - Jodd Fairs"
