"City","Slug","Locked","MaxN","NumImgs","Title","Path"
"bangkok","buasaard","True","0","3","Buasaard","C:\Users\andre\Documents\andrestgt.github.io\food\thailand\bangkok\bars-pubs\buasaard\index.md"
"bangkok","isara-brewery","True","4","4","Isara Local Bar & Brewery","C:\Users\andre\Documents\andrestgt.github.io\food\thailand\bangkok\bars-pubs\isara-brewery\index.md"
"bangkok","moonshine-bar","True","3","3","Moonshine Bar","C:\Users\andre\Documents\andrestgt.github.io\food\thailand\bangkok\bars-pubs\moonshine-bar\index.md"
"bangkok","octave-rooftop","True","12","9","Octave Rooftop Lounge & Bar","C:\Users\andre\Documents\andrestgt.github.io\food\thailand\bangkok\bars-pubs\octave-rooftop\index.md"
"bangkok","river-vibe","True","4","4","River Vibe Bar & Restaurant","C:\Users\andre\Documents\andrestgt.github.io\food\thailand\bangkok\bars-pubs\river-vibe\index.md"
"bangkok","samkaew-craft-beer","True","3","4","Samkaew Craft Beer Kanlapaphruek","C:\Users\andre\Documents\andrestgt.github.io\food\thailand\bangkok\bars-pubs\samkaew-craft-beer\index.md"
"bangkok","tawandang","True","4","4","Tawandang German Brewery","C:\Users\andre\Documents\andrestgt.github.io\food\thailand\bangkok\bars-pubs\tawandang\index.md"
"bangkok","tilac","True","0","0","Tilac","C:\Users\andre\Documents\andrestgt.github.io\food\thailand\bangkok\bars-pubs\tilac\index.md"
"bangkok","air-space","True","1","1","Air Space","C:\Users\andre\Documents\andrestgt.github.io\food\thailand\bangkok\cafes\air-space\index.md"
"bangkok","akart","True","0","0","AKART Bistro & Bar","C:\Users\andre\Documents\andrestgt.github.io\food\thailand\bangkok\cafes\akart\index.md"
"bangkok","anan-cafe","True","0","0","Anan Cafe","C:\Users\andre\Documents\andrestgt.github.io\food\thailand\bangkok\cafes\anan-cafe\index.md"
"bangkok","art-cafe","True","0","0","Art Cafe & Bistro","C:\Users\andre\Documents\andrestgt.github.io\food\thailand\bangkok\cafes\art-cafe\index.md"
"bangkok","artis-coffee","True","0","0","Artis Coffee Bangkok","C:\Users\andre\Documents\andrestgt.github.io\food\thailand\bangkok\cafes\artis-coffee\index.md"
"bangkok","bake-brothers","True","0","0","Bake Brothers","C:\Users\andre\Documents\andrestgt.github.io\food\thailand\bangkok\cafes\bake-brothers\index.md"
"bangkok","black-canyon-bang-rak","True","1","1","Black Canyon â€“ Robinson Bang Rak","C:\Users\andre\Documents\andrestgt.github.io\food\thailand\bangkok\cafes\black-canyon-bang-rak\index.md"
"bangkok","black-canyon-ratchada","True","0","0","Black Canyon â€“ Ratchadaphisek","C:\Users\andre\Documents\andrestgt.github.io\food\thailand\bangkok\cafes\black-canyon-ratchada\index.md"
"bangkok","brainwake","True","2","3","Brainwake CafÃ©","C:\Users\andre\Documents\andrestgt.github.io\food\thailand\bangkok\cafes\brainwake\index.md"
"bangkok","bridge-art-space","True","1","1","bridge art space","C:\Users\andre\Documents\andrestgt.github.io\food\thailand\bangkok\cafes\bridge-art-space\index.md"
"bangkok","cafe-amazon","True","0","0","CafÃ© Amazon","C:\Users\andre\Documents\andrestgt.github.io\food\thailand\bangkok\cafes\cafe-amazon\index.md"
"bangkok","chan-khanom-wan","True","0","2","Chan Khanom Wan","C:\Users\andre\Documents\andrestgt.github.io\food\thailand\bangkok\cafes\chan-khanom-wan\index.md"
"bangkok","coffee-beans-by-dao","True","0","0","Coffee Beans By Dao â€“ Central Embassy","C:\Users\andre\Documents\andrestgt.github.io\food\thailand\bangkok\cafes\coffee-beans-by-dao\index.md"
"bangkok","coffee-club-sathorn","True","3","2","THE COFFEE CLUB â€“ Mode Sathorn","C:\Users\andre\Documents\andrestgt.github.io\food\thailand\bangkok\cafes\coffee-club-sathorn\index.md"
"bangkok","cps-coffee","True","1","1","CPS Coffee","C:\Users\andre\Documents\andrestgt.github.io\food\thailand\bangkok\cafes\cps-coffee\index.md"
"bangkok","dark","True","0","0","D'ARK","C:\Users\andre\Documents\andrestgt.github.io\food\thailand\bangkok\cafes\dark\index.md"
"bangkok","day-one","True","0","1","Day One","C:\Users\andre\Documents\andrestgt.github.io\food\thailand\bangkok\cafes\day-one\index.md"
"bangkok","dean-and-deluca","True","0","0","Dean & Deluca","C:\Users\andre\Documents\andrestgt.github.io\food\thailand\bangkok\cafes\dean-and-deluca\index.md"
"bangkok","espero","True","1","2","ES/PE/RO","C:\Users\andre\Documents\andrestgt.github.io\food\thailand\bangkok\cafes\espero\index.md"
"bangkok","h-roaster","True","1","1","H-Roasters","C:\Users\andre\Documents\andrestgt.github.io\food\thailand\bangkok\cafes\h-roaster\index.md"
"bangkok","happy-espresso","True","1","1","Happy Espresso","C:\Users\andre\Documents\andrestgt.github.io\food\thailand\bangkok\cafes\happy-espresso\index.md"
"bangkok","jaywalk","True","0","0","Jaywalk Cafe","C:\Users\andre\Documents\andrestgt.github.io\food\thailand\bangkok\cafes\jaywalk\index.md"
"bangkok","kafi-sathon","True","1","1","KAFI Sathon","C:\Users\andre\Documents\andrestgt.github.io\food\thailand\bangkok\cafes\kafi-sathon\index.md"
"bangkok","kaze-coffee","True","0","0","Kaze Coffee","C:\Users\andre\Documents\andrestgt.github.io\food\thailand\bangkok\cafes\kaze-coffee\index.md"
"bangkok","mezzo","True","0","0","Mezzo","C:\Users\andre\Documents\andrestgt.github.io\food\thailand\bangkok\cafes\mezzo\index.md"
"bangkok","mitr-roast","True","0","0","Mitr Roast x Brewsters","C:\Users\andre\Documents\andrestgt.github.io\food\thailand\bangkok\cafes\mitr-roast\index.md"
"bangkok","mother-roaster","True","1","2","Mother Roaster Talat Noi","C:\Users\andre\Documents\andrestgt.github.io\food\thailand\bangkok\cafes\mother-roaster\index.md"
"bangkok","ninive","True","2","2","Ninive â€“ Wood-Fired Pizza","C:\Users\andre\Documents\andrestgt.github.io\food\thailand\bangkok\cafes\ninive\index.md"
"bangkok","nob-cafe","True","0","0","NOB cafÃ©","C:\Users\andre\Documents\andrestgt.github.io\food\thailand\bangkok\cafes\nob-cafe\index.md"
"bangkok","not-just-another-cup","True","0","0","(Not Just) Another Cup","C:\Users\andre\Documents\andrestgt.github.io\food\thailand\bangkok\cafes\not-just-another-cup\index.md"
"bangkok","petit-peyton","False","2","2","Petit Peyton Travelogue Cafe","C:\Users\andre\Documents\andrestgt.github.io\food\thailand\bangkok\cafes\petit-peyton\index.md"
"bangkok","pobnar","False","1","1","Pobnar Specialty Coffee & Roastery","C:\Users\andre\Documents\andrestgt.github.io\food\thailand\bangkok\cafes\pobnar\index.md"
"bangkok","richdees","False","1","1","Richdee's Eatery and Cafe","C:\Users\andre\Documents\andrestgt.github.io\food\thailand\bangkok\cafes\richdees\index.md"
"bangkok","sane-phuthong","False","1","1","SanÃ© Phuthong","C:\Users\andre\Documents\andrestgt.github.io\food\thailand\bangkok\cafes\sane-phuthong\index.md"
"bangkok","segafredo-rama-9","False","3","3","Segafredo Zanetti Espresso â€“ Rama 9","C:\Users\andre\Documents\andrestgt.github.io\food\thailand\bangkok\cafes\segafredo-rama-9\index.md"
"bangkok","southern-coffee","False","0","0","Southern Coffee by Pakin","C:\Users\andre\Documents\andrestgt.github.io\food\thailand\bangkok\cafes\southern-coffee\index.md"
"bangkok","times-coffee","False","0","0","Time's Coffee","C:\Users\andre\Documents\andrestgt.github.io\food\thailand\bangkok\cafes\times-coffee\index.md"
"bangkok","uni-coffee","False","1","1","Uni Coffee","C:\Users\andre\Documents\andrestgt.github.io\food\thailand\bangkok\cafes\uni-coffee\index.md"
"bangkok","vespa-cafe","False","1","1","Vespa Cafe Coffee Roaster","C:\Users\andre\Documents\andrestgt.github.io\food\thailand\bangkok\cafes\vespa-cafe\index.md"
"bangkok","al-hussain","False","1","1","Al-Hussain Restaurant","C:\Users\andre\Documents\andrestgt.github.io\food\thailand\bangkok\restaurants\al-hussain\index.md"
"bangkok","apinara","False","3","3","Apinara","C:\Users\andre\Documents\andrestgt.github.io\food\thailand\bangkok\restaurants\apinara\index.md"
"bangkok","av-izakaya","False","3","3","AV Izakaya Saphan Khwai","C:\Users\andre\Documents\andrestgt.github.io\food\thailand\bangkok\restaurants\av-izakaya\index.md"
"bangkok","badmotel","False","3","3","BADMOTEL","C:\Users\andre\Documents\andrestgt.github.io\food\thailand\bangkok\restaurants\badmotel\index.md"
"bangkok","capri","False","3","3","Capri","C:\Users\andre\Documents\andrestgt.github.io\food\thailand\bangkok\restaurants\capri\index.md"
"bangkok","din-tai-fung","False","2","2","Din Tai Fung Central Embassy","C:\Users\andre\Documents\andrestgt.github.io\food\thailand\bangkok\restaurants\din-tai-fung\index.md"
"bangkok","duklong","False","4","4","Duklong Cafe and Eat","C:\Users\andre\Documents\andrestgt.github.io\food\thailand\bangkok\restaurants\duklong\index.md"
"bangkok","fallabella","False","4","4","Fallabella River Front","C:\Users\andre\Documents\andrestgt.github.io\food\thailand\bangkok\restaurants\fallabella\index.md"
"bangkok","gastro-kafe","False","4","4","Gastro Kafe","C:\Users\andre\Documents\andrestgt.github.io\food\thailand\bangkok\restaurants\gastro-kafe\index.md"
"bangkok","gs","False","4","4","G's","C:\Users\andre\Documents\andrestgt.github.io\food\thailand\bangkok\restaurants\gs\index.md"
"bangkok","have-a-zeed","False","0","1","Have a Zeed by Steak Lao","C:\Users\andre\Documents\andrestgt.github.io\food\thailand\bangkok\restaurants\have-a-zeed\index.md"
"bangkok","hemlock","False","3","3","Hemlock","C:\Users\andre\Documents\andrestgt.github.io\food\thailand\bangkok\restaurants\hemlock\index.md"
"bangkok","hiro-omakase","False","8","8","Hiro Omakase","C:\Users\andre\Documents\andrestgt.github.io\food\thailand\bangkok\restaurants\hiro-omakase\index.md"
"bangkok","hong-bao","False","2","2","Hong Bao Central Embassy","C:\Users\andre\Documents\andrestgt.github.io\food\thailand\bangkok\restaurants\hong-bao\index.md"
"bangkok","hongkong-dimsum","False","1","1","HongKong Dimsum and Noodle","C:\Users\andre\Documents\andrestgt.github.io\food\thailand\bangkok\restaurants\hongkong-dimsum\index.md"
"bangkok","kabocha-sushi","False","9","9","Kabocha Sushi at the Street","C:\Users\andre\Documents\andrestgt.github.io\food\thailand\bangkok\restaurants\kabocha-sushi\index.md"
"bangkok","krua-apsorn","False","7","7","Krua Apsorn","C:\Users\andre\Documents\andrestgt.github.io\food\thailand\bangkok\restaurants\krua-apsorn\index.md"
"bangkok","kubkao-kubpla","False","3","3","KubKao' KubPla Emquartier","C:\Users\andre\Documents\andrestgt.github.io\food\thailand\bangkok\restaurants\kubkao-kubpla\index.md"
"bangkok","le-reve","False","2","2","Le RÃªve Garden & Eatery","C:\Users\andre\Documents\andrestgt.github.io\food\thailand\bangkok\restaurants\le-reve\index.md"
"bangkok","man-fu-yuan","False","0","0","Man Fu Yuan","C:\Users\andre\Documents\andrestgt.github.io\food\thailand\bangkok\restaurants\man-fu-yuan\index.md"
"bangkok","northeast","False","2","2","Northeast","C:\Users\andre\Documents\andrestgt.github.io\food\thailand\bangkok\restaurants\northeast\index.md"
"bangkok","olive-kitchen","False","1","2","Olive Kitchen â€“ Khaosan","C:\Users\andre\Documents\andrestgt.github.io\food\thailand\bangkok\restaurants\olive-kitchen\index.md"
"bangkok","popiang","False","1","1","Popiang","C:\Users\andre\Documents\andrestgt.github.io\food\thailand\bangkok\restaurants\popiang\index.md"
"bangkok","praram-9-kaiyang","False","2","2","Praram 9 Kaiyang","C:\Users\andre\Documents\andrestgt.github.io\food\thailand\bangkok\restaurants\praram-9-kaiyang\index.md"
"bangkok","reflections","False","5","5","Reflections","C:\Users\andre\Documents\andrestgt.github.io\food\thailand\bangkok\restaurants\reflections\index.md"
"bangkok","shoshana","False","0","0","Shoshana","C:\Users\andre\Documents\andrestgt.github.io\food\thailand\bangkok\restaurants\shoshana\index.md"
"bangkok","sushi-den-ctw","False","6","6","Sushi Den @ CentralWorld","C:\Users\andre\Documents\andrestgt.github.io\food\thailand\bangkok\restaurants\sushi-den-ctw\index.md"
"bangkok","sushi-den-paragon","False","3","3","Sushi Den â€“ Siam Paragon","C:\Users\andre\Documents\andrestgt.github.io\food\thailand\bangkok\restaurants\sushi-den-paragon\index.md"
"bangkok","sushiro","False","8","8","SUSHIRO ICONSIAM","C:\Users\andre\Documents\andrestgt.github.io\food\thailand\bangkok\restaurants\sushiro\index.md"
"bangkok","thipsamai","False","1","1","Thipsamai Padthai Pratoopee","C:\Users\andre\Documents\andrestgt.github.io\food\thailand\bangkok\restaurants\thipsamai\index.md"
"bangkok","tim-ho-wan","False","1","1","Tim Ho Wan","C:\Users\andre\Documents\andrestgt.github.io\food\thailand\bangkok\restaurants\tim-ho-wan\index.md"
"bangkok","wine-connection","False","6","6","Wine Connection Rain Hill","C:\Users\andre\Documents\andrestgt.github.io\food\thailand\bangkok\restaurants\wine-connection\index.md"
"bangkok","wine-i-love-you","False","5","5","Wine I Love You","C:\Users\andre\Documents\andrestgt.github.io\food\thailand\bangkok\restaurants\wine-i-love-you\index.md"
"bangkok","yong-he-dou-jiang","False","3","3","Yong He Dou Jiang","C:\Users\andre\Documents\andrestgt.github.io\food\thailand\bangkok\restaurants\yong-he-dou-jiang\index.md"
"bangkok","baan-glang-soi","False","3","3","Baan Glang Soi","C:\Users\andre\Documents\andrestgt.github.io\food\thailand\bangkok\street-food\baan-glang-soi\index.md"
"bangkok","burn-baby-burn","False","1","1","Burn Baby Burn","C:\Users\andre\Documents\andrestgt.github.io\food\thailand\bangkok\street-food\burn-baby-burn\index.md"
"bangkok","hero-moo-plara","False","2","2","Hero Moo Plara","C:\Users\andre\Documents\andrestgt.github.io\food\thailand\bangkok\street-food\hero-moo-plara\index.md"
"bangkok","jae-hong","False","2","2","Jae Hong Stir Fried Chicken Noodle","C:\Users\andre\Documents\andrestgt.github.io\food\thailand\bangkok\street-food\jae-hong\index.md"
"bangkok","jae-sri-ho-mok","False","0","1","Jae Sri Ho Mok Sampheng","C:\Users\andre\Documents\andrestgt.github.io\food\thailand\bangkok\street-food\jae-sri-ho-mok\index.md"
"bangkok","jodd-fairs","False","3","3","Jodd Fairs Night Market","C:\Users\andre\Documents\andrestgt.github.io\food\thailand\bangkok\street-food\jodd-fairs\index.md"
"bangkok","kai-yang-wichian-buri","False","0","2","Kai Yang Wichian Buri","C:\Users\andre\Documents\andrestgt.github.io\food\thailand\bangkok\street-food\kai-yang-wichian-buri\index.md"
"bangkok","khanom-jeep","False","0","1","Khanom Jeep Tom Hia Sek","C:\Users\andre\Documents\andrestgt.github.io\food\thailand\bangkok\street-food\khanom-jeep\index.md"
"bangkok","krua-porn-la-mai","False","3","3","Krua Porn La Mai","C:\Users\andre\Documents\andrestgt.github.io\food\thailand\bangkok\street-food\krua-porn-la-mai\index.md"
"bangkok","laab-ubon","False","4","4","Laab Ubon Kontrakran","C:\Users\andre\Documents\andrestgt.github.io\food\thailand\bangkok\street-food\laab-ubon\index.md"
"bangkok","madamzabb","False","4","4","Madamzabb","C:\Users\andre\Documents\andrestgt.github.io\food\thailand\bangkok\street-food\madamzabb\index.md"
"bangkok","pan-kham-hom","False","0","1","Pan Kham Hom â€“ The Street Ratchada","C:\Users\andre\Documents\andrestgt.github.io\food\thailand\bangkok\street-food\pan-kham-hom\index.md"
"bangkok","rung-rueang","False","1","1","Rung Rueang Pork Tung Noodle","C:\Users\andre\Documents\andrestgt.github.io\food\thailand\bangkok\street-food\rung-rueang\index.md"
"bangkok","sawang-noodle","False","2","2","Sawang Noodle","C:\Users\andre\Documents\andrestgt.github.io\food\thailand\bangkok\street-food\sawang-noodle\index.md"
"bangkok","sooksiam","False","8","9","SOOKSIAM","C:\Users\andre\Documents\andrestgt.github.io\food\thailand\bangkok\street-food\sooksiam\index.md"
"bangkok","sung-phochana","False","3","3","Sung Phochana","C:\Users\andre\Documents\andrestgt.github.io\food\thailand\bangkok\street-food\sung-phochana\index.md"
"bangkok","wan-dee","False","0","1","Wan Dee","C:\Users\andre\Documents\andrestgt.github.io\food\thailand\bangkok\street-food\wan-dee\index.md"
"bangkok","yentafo-phua-ki","False","0","0","Yentafo Phua Ki","C:\Users\andre\Documents\andrestgt.github.io\food\thailand\bangkok\street-food\yentafo-phua-ki\index.md"
"bangkok","yok-saeng-beef-noodle","False","0","0","Yok Saeng Beef Noodle","C:\Users\andre\Documents\andrestgt.github.io\food\thailand\bangkok\street-food\yok-saeng-beef-noodle\index.md"
"bangkok","zabb-one","False","3","3","Zabb One Ratchada","C:\Users\andre\Documents\andrestgt.github.io\food\thailand\bangkok\street-food\zabb-one\index.md"
"chiang-mai","chill-out-bar","False","0","0","Chill Out Bar","C:\Users\andre\Documents\andrestgt.github.io\food\thailand\chiang-mai\bars-pubs\chill-out-bar\index.md"
"chiang-mai","globe-bar","False","3","3","The Globe Bar & Restaurant","C:\Users\andre\Documents\andrestgt.github.io\food\thailand\chiang-mai\bars-pubs\globe-bar\index.md"
"chiang-mai","tc-bar","False","0","2","TC Bar & Grill","C:\Users\andre\Documents\andrestgt.github.io\food\thailand\chiang-mai\bars-pubs\tc-bar\index.md"
"chiang-mai","thai-1-on-bar","False","4","4","Thai 1 On Bar & Grill","C:\Users\andre\Documents\andrestgt.github.io\food\thailand\chiang-mai\bars-pubs\thai-1-on-bar\index.md"
"chiang-mai","32-coffee-hill","False","8","8","32 Coffee Hill & Resort","C:\Users\andre\Documents\andrestgt.github.io\food\thailand\chiang-mai\cafes\32-coffee-hill\index.md"
"chiang-mai","akha-ama","False","0","1","Akha Ama Phrasingh","C:\Users\andre\Documents\andrestgt.github.io\food\thailand\chiang-mai\cafes\akha-ama\index.md"
"chiang-mai","bake-n-wake","False","0","0","Bake n Wake","C:\Users\andre\Documents\andrestgt.github.io\food\thailand\chiang-mai\cafes\bake-n-wake\index.md"
"chiang-mai","baristro-asian-style","False","1","1","The Baristro Asian Style","C:\Users\andre\Documents\andrestgt.github.io\food\thailand\chiang-mai\cafes\baristro-asian-style\index.md"
"chiang-mai","baristro-train-station","False","1","1","The Baristro at Train Station","C:\Users\andre\Documents\andrestgt.github.io\food\thailand\chiang-mai\cafes\baristro-train-station\index.md"
"chiang-mai","bear-hug-cafe","False","3","3","Bear Hug CafÃ©","C:\Users\andre\Documents\andrestgt.github.io\food\thailand\chiang-mai\cafes\bear-hug-cafe\index.md"
"chiang-mai","chomnok-chommai","False","7","7","Chomnok Chommai","C:\Users\andre\Documents\andrestgt.github.io\food\thailand\chiang-mai\cafes\chomnok-chommai\index.md"
"chiang-mai","clay-studio-coffee","False","3","3","Clay Studio Coffee in the Garden","C:\Users\andre\Documents\andrestgt.github.io\food\thailand\chiang-mai\cafes\clay-studio-coffee\index.md"
"chiang-mai","coffee-waan","False","8","8","Coffee Waan","C:\Users\andre\Documents\andrestgt.github.io\food\thailand\chiang-mai\cafes\coffee-waan\index.md"
"chiang-mai","dee-cafe","False","4","4","Dee Cafe","C:\Users\andre\Documents\andrestgt.github.io\food\thailand\chiang-mai\cafes\dee-cafe\index.md"
"chiang-mai","eden-caffee-mae-rim","False","0","1","Eden Caffee Mae Rim","C:\Users\andre\Documents\andrestgt.github.io\food\thailand\chiang-mai\cafes\eden-caffee-mae-rim\index.md"
"chiang-mai","forty-one-cafe","False","0","0","Forty One Cafe","C:\Users\andre\Documents\andrestgt.github.io\food\thailand\chiang-mai\cafes\forty-one-cafe\index.md"
"chiang-mai","gravity-cafe","False","0","0","Gravity CafÃ© & Bistro","C:\Users\andre\Documents\andrestgt.github.io\food\thailand\chiang-mai\cafes\gravity-cafe\index.md"
"chiang-mai","herb-basics","False","1","1","Herb Basics","C:\Users\andre\Documents\andrestgt.github.io\food\thailand\chiang-mai\cafes\herb-basics\index.md"
"chiang-mai","improvise-coffee","False","0","0","Improvise Coffee","C:\Users\andre\Documents\andrestgt.github.io\food\thailand\chiang-mai\cafes\improvise-coffee\index.md"
"chiang-mai","kalm-kitchen","False","0","1","Kalm Kitchen","C:\Users\andre\Documents\andrestgt.github.io\food\thailand\chiang-mai\cafes\kalm-kitchen\index.md"
"chiang-mai","lecker-cafe","False","2","2","Lecker CafÃ© & Bistro","C:\Users\andre\Documents\andrestgt.github.io\food\thailand\chiang-mai\cafes\lecker-cafe\index.md"
"chiang-mai","lung-pud-pa-peng-coffee","False","5","5","Lung Pud Pa Peng Coffee","C:\Users\andre\Documents\andrestgt.github.io\food\thailand\chiang-mai\cafes\lung-pud-pa-peng-coffee\index.md"
"chiang-mai","ombra-caffe","False","0","0","Ombra Caffe","C:\Users\andre\Documents\andrestgt.github.io\food\thailand\chiang-mai\cafes\ombra-caffe\index.md"
"chiang-mai","overstand-coffee","False","1","1","Overstand Coffee & Breakfast","C:\Users\andre\Documents\andrestgt.github.io\food\thailand\chiang-mai\cafes\overstand-coffee\index.md"
"chiang-mai","pacamara-coffee","False","0","0","Pacamara Coffee Klang Wieng","C:\Users\andre\Documents\andrestgt.github.io\food\thailand\chiang-mai\cafes\pacamara-coffee\index.md"
"chiang-mai","ristr8to","False","3","3","Ristr8to Original","C:\Users\andre\Documents\andrestgt.github.io\food\thailand\chiang-mai\cafes\ristr8to\index.md"
"chiang-mai","roastniyom-coffee","False","0","0","Roastniyom Coffee","C:\Users\andre\Documents\andrestgt.github.io\food\thailand\chiang-mai\cafes\roastniyom-coffee\index.md"
"chiang-mai","stories","False","2","2","STORIES","C:\Users\andre\Documents\andrestgt.github.io\food\thailand\chiang-mai\cafes\stories\index.md"
"chiang-mai","third-place-coffee","False","0","1","Third Place Coffee","C:\Users\andre\Documents\andrestgt.github.io\food\thailand\chiang-mai\cafes\third-place-coffee\index.md"
"chiang-mai","woo-cafe","False","1","1","Woo Cafe Art Gallery","C:\Users\andre\Documents\andrestgt.github.io\food\thailand\chiang-mai\cafes\woo-cafe\index.md"
"chiang-mai","auf-der-au-german-buffet","False","2","2","Auf der Au Garden German Buffet","C:\Users\andre\Documents\andrestgt.github.io\food\thailand\chiang-mai\restaurants\auf-der-au-german-buffet\index.md"
"chiang-mai","big-big-shabu","False","0","3","Big Big Shabu","C:\Users\andre\Documents\andrestgt.github.io\food\thailand\chiang-mai\restaurants\big-big-shabu\index.md"
"chiang-mai","blue-diamond-breakfast-club","False","1","1","Blue Diamond The Breakfast Club","C:\Users\andre\Documents\andrestgt.github.io\food\thailand\chiang-mai\restaurants\blue-diamond-breakfast-club\index.md"
"chiang-mai","by-hand-pizza","False","1","1","By Hand Pizza Cafe","C:\Users\andre\Documents\andrestgt.github.io\food\thailand\chiang-mai\restaurants\by-hand-pizza\index.md"
"chiang-mai","cherng-doi-roast-chicken","False","1","1","Cherng Doi Roast Chicken","C:\Users\andre\Documents\andrestgt.github.io\food\thailand\chiang-mai\restaurants\cherng-doi-roast-chicken\index.md"
"chiang-mai","coconut-shell-thai-food","False","3","3","Coconut Shell Thai Food","C:\Users\andre\Documents\andrestgt.github.io\food\thailand\chiang-mai\restaurants\coconut-shell-thai-food\index.md"
"chiang-mai","dao-chinese-restaurant","False","1","1","Dao Chinese Restaurant","C:\Users\andre\Documents\andrestgt.github.io\food\thailand\chiang-mai\restaurants\dao-chinese-restaurant\index.md"
"chiang-mai","daruma-izakaya","False","2","2","Daruma Izakaya","C:\Users\andre\Documents\andrestgt.github.io\food\thailand\chiang-mai\restaurants\daruma-izakaya\index.md"
"chiang-mai","davids-kitchen","False","10","10","David's Kitchen at 909","C:\Users\andre\Documents\andrestgt.github.io\food\thailand\chiang-mai\restaurants\davids-kitchen\index.md"
"chiang-mai","deck-1","False","4","4","Deck 1","C:\Users\andre\Documents\andrestgt.github.io\food\thailand\chiang-mai\restaurants\deck-1\index.md"
"chiang-mai","ginza-sushi-bar","False","1","1","Ginza Sushi Bar","C:\Users\andre\Documents\andrestgt.github.io\food\thailand\chiang-mai\restaurants\ginza-sushi-bar\index.md"
"chiang-mai","grill-of-punjab","False","0","0","Grill of Punjab","C:\Users\andre\Documents\andrestgt.github.io\food\thailand\chiang-mai\restaurants\grill-of-punjab\index.md"
"chiang-mai","house-by-ginger","False","2","2","THE HOUSE by Ginger","C:\Users\andre\Documents\andrestgt.github.io\food\thailand\chiang-mai\restaurants\house-by-ginger\index.md"
"chiang-mai","huen-jai-yong","False","4","4","Huen Jai Yong","C:\Users\andre\Documents\andrestgt.github.io\food\thailand\chiang-mai\restaurants\huen-jai-yong\index.md"
"chiang-mai","huen-muan-jai","False","1","1","Huen Muan Jai","C:\Users\andre\Documents\andrestgt.github.io\food\thailand\chiang-mai\restaurants\huen-muan-jai\index.md"
"chiang-mai","huen-phen","False","1","1","Huen Phen","C:\Users\andre\Documents\andrestgt.github.io\food\thailand\chiang-mai\restaurants\huen-phen\index.md"
"chiang-mai","jasmine","False","2","2","Jasmine","C:\Users\andre\Documents\andrestgt.github.io\food\thailand\chiang-mai\restaurants\jasmine\index.md"
"chiang-mai","khanom-jeen-tai-baan","False","1","1","Khanom Jeen Tai Baan","C:\Users\andre\Documents\andrestgt.github.io\food\thailand\chiang-mai\restaurants\khanom-jeen-tai-baan\index.md"
"chiang-mai","khaomao-khaofang","False","3","3","Khaomao-Khaofang Imaginary Jungle","C:\Users\andre\Documents\andrestgt.github.io\food\thailand\chiang-mai\restaurants\khaomao-khaofang\index.md"
"chiang-mai","kinphak-cafe-vegan","False","0","1","Kinphak CafÃ© â€“ Vegan Food","C:\Users\andre\Documents\andrestgt.github.io\food\thailand\chiang-mai\restaurants\kinphak-cafe-vegan\index.md"
"chiang-mai","lookbua","False","2","2","Lookbua Thai Food Restaurant","C:\Users\andre\Documents\andrestgt.github.io\food\thailand\chiang-mai\restaurants\lookbua\index.md"
"chiang-mai","mama-jing-jai","False","3","3","Mama at Jing Jai Village","C:\Users\andre\Documents\andrestgt.github.io\food\thailand\chiang-mai\restaurants\mama-jing-jai\index.md"
"chiang-mai","muay-khao-soi","False","2","2","Muay Khao Soi","C:\Users\andre\Documents\andrestgt.github.io\food\thailand\chiang-mai\restaurants\muay-khao-soi\index.md"
"chiang-mai","musashi-sushi-bar","False","9","9","Musashi Sushi Bar","C:\Users\andre\Documents\andrestgt.github.io\food\thailand\chiang-mai\restaurants\musashi-sushi-bar\index.md"
"chiang-mai","number-9-restaurant","False","2","2","Number 9 Restaurant","C:\Users\andre\Documents\andrestgt.github.io\food\thailand\chiang-mai\restaurants\number-9-restaurant\index.md"
"chiang-mai","ochatee","False","2","2","Ochatee","C:\Users\andre\Documents\andrestgt.github.io\food\thailand\chiang-mai\restaurants\ochatee\index.md"
"chiang-mai","okada-izakaya","False","4","4","Okada Izakaya","C:\Users\andre\Documents\andrestgt.github.io\food\thailand\chiang-mai\restaurants\okada-izakaya\index.md"
"chiang-mai","oyster-bar-rimping","False","1","1","The Oyster Bar at Rimping Supermarket","C:\Users\andre\Documents\andrestgt.github.io\food\thailand\chiang-mai\restaurants\oyster-bar-rimping\index.md"
"chiang-mai","rajdarbar-indian","False","0","0","Rajdarbar Indian Restaurant","C:\Users\andre\Documents\andrestgt.github.io\food\thailand\chiang-mai\restaurants\rajdarbar-indian\index.md"
"chiang-mai","salsa-kitchen","False","1","1","Salsa Kitchen","C:\Users\andre\Documents\andrestgt.github.io\food\thailand\chiang-mai\restaurants\salsa-kitchen\index.md"
"chiang-mai","somtam-rong-pla-daek","False","2","2","Somtam Rong Pla Daek Santitham","C:\Users\andre\Documents\andrestgt.github.io\food\thailand\chiang-mai\restaurants\somtam-rong-pla-daek\index.md"
"chiang-mai","taiwanese-jinjiao","False","1","1","Taiwanese Food Jinjiao Dumplings","C:\Users\andre\Documents\andrestgt.github.io\food\thailand\chiang-mai\restaurants\taiwanese-jinjiao\index.md"
"chiang-mai","tha-chang-hill","False","3","3","Tha Chang Hill","C:\Users\andre\Documents\andrestgt.github.io\food\thailand\chiang-mai\restaurants\tha-chang-hill\index.md"
"chiang-mai","thaan-aoan","False","4","4","Thaan Aoan","C:\Users\andre\Documents\andrestgt.github.io\food\thailand\chiang-mai\restaurants\thaan-aoan\index.md"
"chiang-mai","wine-connection","False","1","1","Wine Connection Central Festival","C:\Users\andre\Documents\andrestgt.github.io\food\thailand\chiang-mai\restaurants\wine-connection\index.md"
"chiang-mai","aroon-rai","False","2","2","Aroon (Rai)","C:\Users\andre\Documents\andrestgt.github.io\food\thailand\chiang-mai\street-food\aroon-rai\index.md"
"chiang-mai","at-thaifoods","False","2","2","A.T. Thaifoods","C:\Users\andre\Documents\andrestgt.github.io\food\thailand\chiang-mai\street-food\at-thaifoods\index.md"
"chiang-mai","barnakarn-kitchen","False","4","4","Barnakarn Kitchen","C:\Users\andre\Documents\andrestgt.github.io\food\thailand\chiang-mai\street-food\barnakarn-kitchen\index.md"
"chiang-mai","chang-phuak-market","False","5","5","Chang Phuak Market","C:\Users\andre\Documents\andrestgt.github.io\food\thailand\chiang-mai\street-food\chang-phuak-market\index.md"
"chiang-mai","chang-phueak-pork-leg-rice","False","3","3","Chang Phueak Pork Leg Rice","C:\Users\andre\Documents\andrestgt.github.io\food\thailand\chiang-mai\street-food\chang-phueak-pork-leg-rice\index.md"
"chiang-mai","khao-soi-mae-manee","False","1","1","Khao Soi Mae Manee","C:\Users\andre\Documents\andrestgt.github.io\food\thailand\chiang-mai\street-food\khao-soi-mae-manee\index.md"
"chiang-mai","khao-soi-maesai","False","2","2","Khao Soi Maesai","C:\Users\andre\Documents\andrestgt.github.io\food\thailand\chiang-mai\street-food\khao-soi-maesai\index.md"
"chiang-mai","krua-por-piang","False","2","2","Krua Por Piang","C:\Users\andre\Documents\andrestgt.github.io\food\thailand\chiang-mai\street-food\krua-por-piang\index.md"
"chiang-mai","krua-rim-khlong","False","2","2","Krua Rim Khlong","C:\Users\andre\Documents\andrestgt.github.io\food\thailand\chiang-mai\street-food\krua-rim-khlong\index.md"
"chiang-mai","mark-burger","False","0","0","Mark Burger & Steak","C:\Users\andre\Documents\andrestgt.github.io\food\thailand\chiang-mai\street-food\mark-burger\index.md"
"chiang-mai","neng-roasted-pork","False","6","6","Neng Roasted Pork","C:\Users\andre\Documents\andrestgt.github.io\food\thailand\chiang-mai\street-food\neng-roasted-pork\index.md"
"chiang-mai","next-level-som-tum","False","1","1","Next-Level Som Tum","C:\Users\andre\Documents\andrestgt.github.io\food\thailand\chiang-mai\street-food\next-level-som-tum\index.md"
"chiang-mai","roti-pa-dae","False","0","2","Roti Pa Dae","C:\Users\andre\Documents\andrestgt.github.io\food\thailand\chiang-mai\street-food\roti-pa-dae\index.md"
"chiang-mai","sorn-chan","False","4","5","Sorn Chan","C:\Users\andre\Documents\andrestgt.github.io\food\thailand\chiang-mai\street-food\sorn-chan\index.md"
"chiang-mai","sp-chicken","False","5","5","SP Chicken","C:\Users\andre\Documents\andrestgt.github.io\food\thailand\chiang-mai\street-food\sp-chicken\index.md"
"chiang-mai","tacos-bell","False","0","0","Tacos Bell Street Cart","C:\Users\andre\Documents\andrestgt.github.io\food\thailand\chiang-mai\street-food\tacos-bell\index.md"
"chiang-mai","yuis-eatery","False","2","2","Yui's Eatery","C:\Users\andre\Documents\andrestgt.github.io\food\thailand\chiang-mai\street-food\yuis-eatery\index.md"
